country,year,final_v2x_libdem,gov_popul_weighted,date
Albania,1990,0.075,NA,1989-12-31
Albania,1990,0.075,NA,1990-01-01
Albania,1991,0.264,0.179,1990-12-31
Albania,1991,0.264,0.179,1991-01-01
Albania,1992,0.334,0.385,1991-12-31
Albania,1992,0.334,0.385,1992-01-01
Albania,1993,0.319,0.385,1992-12-31
Albania,1993,0.319,0.385,1993-01-01
Albania,1994,0.336,0.385,1993-12-31
Albania,1994,0.336,0.385,1994-01-01
Albania,1995,0.345,0.385,1994-12-31
Albania,1995,0.345,0.385,1995-01-01
Albania,1996,0.319,0.16199116997792495,1995-12-31
Albania,1996,0.319,0.16199116997792495,1996-01-01
Albania,1997,0.311,0.16199116997792495,1996-12-31
Albania,1997,0.311,0.16199116997792495,1997-01-01
Albania,1998,0.323,0.16199116997792495,1997-12-31
Albania,1998,0.323,0.16199116997792495,1998-01-01
Albania,1999,0.327,0.16199116997792495,1998-12-31
Albania,1999,0.327,0.16199116997792495,1999-01-01
Albania,2000,0.341,0.16199116997792495,1999-12-31
Albania,2000,0.341,0.16199116997792495,2000-01-01
Argentina,1990,0.613,NA,1989-12-31
Argentina,1990,0.613,NA,1990-01-01
Argentina,1991,0.624,0.36047408829174665,1990-12-31
Argentina,1991,0.624,0.36047408829174665,1991-01-01
Argentina,1992,0.628,0.36047408829174665,1991-12-31
Argentina,1992,0.628,0.36047408829174665,1992-01-01
Argentina,1993,0.628,0.27,1992-12-31
Argentina,1993,0.628,0.27,1993-01-01
Argentina,1994,0.63,0.27,1993-12-31
Argentina,1994,0.63,0.27,1994-01-01
Argentina,1995,0.633,0.269,1994-12-31
Argentina,1995,0.633,0.269,1995-01-01
Argentina,1996,0.624,0.269,1995-12-31
Argentina,1996,0.624,0.269,1996-01-01
Argentina,1997,0.625,0.269,1996-12-31
Argentina,1997,0.625,0.269,1997-01-01
Argentina,1998,0.628,0.269,1997-12-31
Argentina,1998,0.628,0.269,1998-01-01
Argentina,1999,0.632,0.39095896328293744,1998-12-31
Argentina,1999,0.632,0.39095896328293744,1999-01-01
Argentina,2000,0.662,0.39095896328293744,1999-12-31
Argentina,2000,0.662,0.39095896328293744,2000-01-01
Austria,1990,0.78,0.09085751633986928,1989-12-31
Austria,1990,0.78,0.09085751633986928,1990-01-01
Austria,1991,0.781,0.09085751633986928,1990-12-31
Austria,1991,0.781,0.09085751633986928,1991-01-01
Austria,1992,0.78,0.09085751633986928,1991-12-31
Austria,1992,0.78,0.09085751633986928,1992-01-01
Austria,1993,0.78,0.09085751633986928,1992-12-31
Austria,1993,0.78,0.09085751633986928,1993-01-01
Austria,1994,0.778,0.09088888888888888,1993-12-31
Austria,1994,0.778,0.09088888888888888,1994-01-01
Austria,1995,0.774,0.0908452380952381,1994-12-31
Austria,1995,0.774,0.0908452380952381,1995-01-01
Austria,1996,0.78,0.0908452380952381,1995-12-31
Austria,1996,0.78,0.0908452380952381,1996-01-01
Austria,1997,0.78,0.0908452380952381,1996-12-31
Austria,1997,0.78,0.0908452380952381,1997-01-01
Austria,1998,0.778,0.0908452380952381,1997-12-31
Austria,1998,0.778,0.0908452380952381,1998-01-01
Austria,1999,0.778,0.4485,1998-12-31
Austria,1999,0.778,0.4485,1999-01-01
Austria,2000,0.785,0.4485,1999-12-31
Austria,2000,0.785,0.4485,2000-01-01
Belarus,1990,0.354,NA,1989-12-31
Belarus,1990,0.354,NA,1990-01-01
Belarus,1991,0.383,NA,1990-12-31
Belarus,1991,0.383,NA,1991-01-01
Belarus,1992,0.455,NA,1991-12-31
Belarus,1992,0.455,NA,1992-01-01
Belarus,1993,0.451,NA,1992-12-31
Belarus,1993,0.451,NA,1993-01-01
Belarus,1994,0.417,NA,1993-12-31
Belarus,1994,0.417,NA,1994-01-01
Belarus,1995,0.364,0.465,1994-12-31
Belarus,1995,0.364,0.465,1995-01-01
Belarus,1996,0.22,0.465,1995-12-31
Belarus,1996,0.22,0.465,1996-01-01
Belarus,1997,0.143,0.465,1996-12-31
Belarus,1997,0.143,0.465,1997-01-01
Belarus,1998,0.135,0.465,1997-12-31
Belarus,1998,0.135,0.465,1998-01-01
Belarus,1999,0.118,0.465,1998-12-31
Belarus,1999,0.118,0.465,1999-01-01
Belarus,2000,0.111,0.172,1999-12-31
Belarus,2000,0.111,0.172,2000-01-01
Belgium,1990,0.8,NA,1989-12-31
Belgium,1990,0.8,NA,1990-01-01
Belgium,1991,0.799,0.10741166077738516,1990-12-31
Belgium,1991,0.799,0.10741166077738516,1991-01-01
Belgium,1992,0.805,0.10741166077738516,1991-12-31
Belgium,1992,0.805,0.10741166077738516,1992-01-01
Belgium,1993,0.805,0.10741166077738516,1992-12-31
Belgium,1993,0.805,0.10741166077738516,1993-01-01
Belgium,1994,0.805,0.10741166077738516,1993-12-31
Belgium,1994,0.805,0.10741166077738516,1994-01-01
Belgium,1995,0.81,0.10541575091575091,1994-12-31
Belgium,1995,0.81,0.10541575091575091,1995-01-01
Belgium,1996,0.814,0.10541575091575091,1995-12-31
Belgium,1996,0.814,0.10541575091575091,1996-01-01
Belgium,1997,0.814,0.10541575091575091,1996-12-31
Belgium,1997,0.814,0.10541575091575091,1997-01-01
Belgium,1998,0.811,0.10541575091575091,1997-12-31
Belgium,1998,0.811,0.10541575091575091,1998-01-01
Belgium,1999,0.815,0.11511022364217252,1998-12-31
Belgium,1999,0.815,0.11511022364217252,1999-01-01
Belgium,2000,0.819,0.11511022364217252,1999-12-31
Belgium,2000,0.819,0.11511022364217252,2000-01-01
Bolivia,1990,0.433,NA,1989-12-31
Bolivia,1990,0.433,NA,1990-01-01
Bolivia,1991,0.467,NA,1990-12-31
Bolivia,1991,0.467,NA,1991-01-01
Bolivia,1992,0.475,NA,1991-12-31
Bolivia,1992,0.475,NA,1992-01-01
Bolivia,1993,0.483,0.31428618421052634,1992-12-31
Bolivia,1993,0.483,0.31428618421052634,1993-01-01
Bolivia,1994,0.494,0.31428618421052634,1993-12-31
Bolivia,1994,0.494,0.31428618421052634,1994-01-01
Bolivia,1995,0.503,0.31428618421052634,1994-12-31
Bolivia,1995,0.503,0.31428618421052634,1995-01-01
Bolivia,1996,0.503,0.31428618421052634,1995-12-31
Bolivia,1996,0.503,0.31428618421052634,1996-01-01
Bolivia,1997,0.527,0.312638700947226,1996-12-31
Bolivia,1997,0.527,0.312638700947226,1997-01-01
Bolivia,1998,0.526,0.312638700947226,1997-12-31
Bolivia,1998,0.526,0.312638700947226,1998-01-01
Bolivia,1999,0.529,0.312638700947226,1998-12-31
Bolivia,1999,0.529,0.312638700947226,1999-01-01
Bolivia,2000,0.53,0.312638700947226,1999-12-31
Bolivia,2000,0.53,0.312638700947226,2000-01-01
Bosnia and Herzegovina,1992,0.095,NA,1991-12-31
Bosnia and Herzegovina,1992,0.095,NA,1992-01-01
Bosnia and Herzegovina,1993,0.095,NA,1992-12-31
Bosnia and Herzegovina,1993,0.095,NA,1993-01-01
Bosnia and Herzegovina,1994,0.067,NA,1993-12-31
Bosnia and Herzegovina,1994,0.067,NA,1994-01-01
Bosnia and Herzegovina,1995,0.07,NA,1994-12-31
Bosnia and Herzegovina,1995,0.07,NA,1995-01-01
Bosnia and Herzegovina,1996,0.144,0.15168457943925237,1995-12-31
Bosnia and Herzegovina,1996,0.144,0.15168457943925237,1996-01-01
Bosnia and Herzegovina,1997,0.352,0.15168457943925237,1996-12-31
Bosnia and Herzegovina,1997,0.352,0.15168457943925237,1997-01-01
Bosnia and Herzegovina,1998,0.37,0.09003732503888025,1997-12-31
Bosnia and Herzegovina,1998,0.37,0.09003732503888025,1998-01-01
Bosnia and Herzegovina,1999,0.385,0.09003732503888025,1998-12-31
Bosnia and Herzegovina,1999,0.385,0.09003732503888025,1999-01-01
Bosnia and Herzegovina,2000,0.421,0.18591036414565829,1999-12-31
Bosnia and Herzegovina,2000,0.421,0.18591036414565829,2000-01-01
Brazil,1990,0.7,NA,1989-12-31
Brazil,1990,0.7,NA,1990-01-01
Brazil,1991,0.713,NA,1990-12-31
Brazil,1991,0.713,NA,1991-01-01
Brazil,1992,0.721,NA,1991-12-31
Brazil,1992,0.721,NA,1992-01-01
Brazil,1993,0.72,NA,1992-12-31
Brazil,1993,0.72,NA,1993-01-01
Brazil,1994,0.724,0.20014032697547682,1993-12-31
Brazil,1994,0.724,0.20014032697547682,1994-01-01
Brazil,1995,0.726,0.20014032697547682,1994-12-31
Brazil,1995,0.726,0.20014032697547682,1995-01-01
Brazil,1996,0.728,0.20014032697547682,1995-12-31
Brazil,1996,0.728,0.20014032697547682,1996-01-01
Brazil,1997,0.728,0.20014032697547682,1996-12-31
Brazil,1997,0.728,0.20014032697547682,1997-01-01
Brazil,1998,0.73,0.16751967435549522,1997-12-31
Brazil,1998,0.73,0.16751967435549522,1998-01-01
Brazil,1999,0.735,0.16751967435549522,1998-12-31
Brazil,1999,0.735,0.16751967435549522,1999-01-01
Brazil,2000,0.735,0.16751967435549522,1999-12-31
Brazil,2000,0.735,0.16751967435549522,2000-01-01
Bulgaria,1990,0.464,0.5165633802816901,1989-12-31
Bulgaria,1990,0.464,0.5165633802816901,1990-01-01
Bulgaria,1991,0.521,0.34674910394265235,1990-12-31
Bulgaria,1991,0.521,0.34674910394265235,1991-01-01
Bulgaria,1992,0.606,0.34674910394265235,1991-12-31
Bulgaria,1992,0.606,0.34674910394265235,1992-01-01
Bulgaria,1993,0.601,0.34674910394265235,1992-12-31
Bulgaria,1993,0.601,0.34674910394265235,1993-01-01
Bulgaria,1994,0.602,0.495,1993-12-31
Bulgaria,1994,0.602,0.495,1994-01-01
Bulgaria,1995,0.602,0.495,1994-12-31
Bulgaria,1995,0.602,0.495,1995-01-01
Bulgaria,1996,0.608,0.495,1995-12-31
Bulgaria,1996,0.608,0.495,1996-01-01
Bulgaria,1997,0.617,0.267,1996-12-31
Bulgaria,1997,0.617,0.267,1997-01-01
Bulgaria,1998,0.616,0.267,1997-12-31
Bulgaria,1998,0.616,0.267,1998-01-01
Bulgaria,1999,0.626,0.267,1998-12-31
Bulgaria,1999,0.626,0.267,1999-01-01
Bulgaria,2000,0.63,0.267,1999-12-31
Bulgaria,2000,0.63,0.267,2000-01-01
Chile,1990,0.641,NA,1989-12-31
Chile,1990,0.641,NA,1990-01-01
Chile,1991,0.758,NA,1990-12-31
Chile,1991,0.758,NA,1991-01-01
Chile,1992,0.758,NA,1991-12-31
Chile,1992,0.758,NA,1992-01-01
Chile,1993,0.757,0.3246713043478261,1992-12-31
Chile,1993,0.757,0.3246713043478261,1993-01-01
Chile,1994,0.795,0.3246713043478261,1993-12-31
Chile,1994,0.795,0.3246713043478261,1994-01-01
Chile,1995,0.795,0.3246713043478261,1994-12-31
Chile,1995,0.795,0.3246713043478261,1995-01-01
Chile,1996,0.797,0.3246713043478261,1995-12-31
Chile,1996,0.797,0.3246713043478261,1996-01-01
Chile,1997,0.797,0.2992991304347826,1996-12-31
Chile,1997,0.797,0.2992991304347826,1997-01-01
Chile,1998,0.799,0.2992991304347826,1997-12-31
Chile,1998,0.799,0.2992991304347826,1998-01-01
Chile,1999,0.797,0.2992991304347826,1998-12-31
Chile,1999,0.797,0.2992991304347826,1999-01-01
Chile,2000,0.816,0.2992991304347826,1999-12-31
Chile,2000,0.816,0.2992991304347826,2000-01-01
Colombia,1990,0.318,0.542,1989-12-31
Colombia,1990,0.318,0.542,1990-01-01
Colombia,1991,0.394,0.518,1990-12-31
Colombia,1991,0.394,0.518,1991-01-01
Colombia,1992,0.431,0.518,1991-12-31
Colombia,1992,0.431,0.518,1992-01-01
Colombia,1993,0.432,0.518,1992-12-31
Colombia,1993,0.432,0.518,1993-01-01
Colombia,1994,0.432,0.56,1993-12-31
Colombia,1994,0.432,0.56,1994-01-01
Colombia,1995,0.434,0.56,1994-12-31
Colombia,1995,0.434,0.56,1995-01-01
Colombia,1996,0.432,0.56,1995-12-31
Colombia,1996,0.432,0.56,1996-01-01
Colombia,1997,0.43,0.56,1996-12-31
Colombia,1997,0.43,0.56,1997-01-01
Colombia,1998,0.422,0.32737362637362644,1997-12-31
Colombia,1998,0.422,0.32737362637362644,1998-01-01
Colombia,1999,0.417,0.32737362637362644,1998-12-31
Colombia,1999,0.417,0.32737362637362644,1999-01-01
Colombia,2000,0.423,0.32737362637362644,1999-12-31
Colombia,2000,0.423,0.32737362637362644,2000-01-01
Costa Rica,1990,0.838,0.534,1989-12-31
Costa Rica,1990,0.838,0.534,1990-01-01
Costa Rica,1991,0.841,0.534,1990-12-31
Costa Rica,1991,0.841,0.534,1991-01-01
Costa Rica,1992,0.841,0.534,1991-12-31
Costa Rica,1992,0.841,0.534,1992-01-01
Costa Rica,1993,0.841,0.534,1992-12-31
Costa Rica,1993,0.841,0.534,1993-01-01
Costa Rica,1994,0.848,0.379,1993-12-31
Costa Rica,1994,0.848,0.379,1994-01-01
Costa Rica,1995,0.848,0.379,1994-12-31
Costa Rica,1995,0.848,0.379,1995-01-01
Costa Rica,1996,0.849,0.379,1995-12-31
Costa Rica,1996,0.849,0.379,1996-01-01
Costa Rica,1997,0.843,0.379,1996-12-31
Costa Rica,1997,0.843,0.379,1997-01-01
Costa Rica,1998,0.85,0.534,1997-12-31
Costa Rica,1998,0.85,0.534,1998-01-01
Costa Rica,1999,0.85,0.534,1998-12-31
Costa Rica,1999,0.85,0.534,1999-01-01
Costa Rica,2000,0.849,0.534,1999-12-31
Costa Rica,2000,0.849,0.534,2000-01-01
Croatia,1991,0.161,NA,1990-12-31
Croatia,1991,0.161,NA,1991-01-01
Croatia,1992,0.179,0.083,1991-12-31
Croatia,1992,0.179,0.083,1992-01-01
Croatia,1993,0.212,0.083,1992-12-31
Croatia,1993,0.212,0.083,1993-01-01
Croatia,1994,0.215,0.083,1993-12-31
Croatia,1994,0.215,0.083,1994-01-01
Croatia,1995,0.217,0.082,1994-12-31
Croatia,1995,0.217,0.082,1995-01-01
Croatia,1996,0.243,0.082,1995-12-31
Croatia,1996,0.243,0.082,1996-01-01
Croatia,1997,0.258,0.082,1996-12-31
Croatia,1997,0.258,0.082,1997-01-01
Croatia,1998,0.259,0.082,1997-12-31
Croatia,1998,0.259,0.082,1998-01-01
Croatia,1999,0.275,0.082,1998-12-31
Croatia,1999,0.275,0.082,1999-01-01
Croatia,2000,0.626,0.09451154529307282,1999-12-31
Croatia,2000,0.626,0.09451154529307282,2000-01-01
Czechia,1990,0.721,NA,1989-12-31
Czechia,1990,0.721,NA,1990-01-01
Czechia,1991,0.807,NA,1990-12-31
Czechia,1991,0.807,NA,1991-01-01
Czechia,1992,0.813,NA,1991-12-31
Czechia,1992,0.813,NA,1992-01-01
Czechia,1993,0.827,NA,1992-12-31
Czechia,1993,0.827,NA,1993-01-01
Czechia,1994,0.827,NA,1993-12-31
Czechia,1994,0.827,NA,1994-01-01
Czechia,1995,0.827,NA,1994-12-31
Czechia,1995,0.827,NA,1995-01-01
Czechia,1996,0.826,NA,1995-12-31
Czechia,1996,0.826,NA,1996-01-01
Czechia,1997,0.826,NA,1996-12-31
Czechia,1997,0.826,NA,1997-01-01
Czechia,1998,0.818,NA,1997-12-31
Czechia,1998,0.818,NA,1998-01-01
Czechia,1999,0.812,NA,1998-12-31
Czechia,1999,0.812,NA,1999-01-01
Czechia,2000,0.81,NA,1999-12-31
Czechia,2000,0.81,NA,2000-01-01
Denmark,1990,0.881,0.20211409395973154,1989-12-31
Denmark,1990,0.881,0.20211409395973154,1990-01-01
Denmark,1991,0.883,0.20211409395973154,1990-12-31
Denmark,1991,0.883,0.20211409395973154,1991-01-01
Denmark,1992,0.883,0.20211409395973154,1991-12-31
Denmark,1992,0.883,0.20211409395973154,1992-01-01
Denmark,1993,0.883,0.20211409395973154,1992-12-31
Denmark,1993,0.883,0.20211409395973154,1993-01-01
Denmark,1994,0.883,0.16310501193317423,1993-12-31
Denmark,1994,0.883,0.16310501193317423,1994-01-01
Denmark,1995,0.882,0.16310501193317423,1994-12-31
Denmark,1995,0.882,0.16310501193317423,1995-01-01
Denmark,1996,0.882,0.16310501193317423,1995-12-31
Denmark,1996,0.882,0.16310501193317423,1996-01-01
Denmark,1997,0.882,0.16310501193317423,1996-12-31
Denmark,1997,0.882,0.16310501193317423,1997-01-01
Denmark,1998,0.881,0.1629623529411765,1997-12-31
Denmark,1998,0.881,0.1629623529411765,1998-01-01
Denmark,1999,0.881,0.1629623529411765,1998-12-31
Denmark,1999,0.881,0.1629623529411765,1999-01-01
Denmark,2000,0.881,0.1629623529411765,1999-12-31
Denmark,2000,0.881,0.1629623529411765,2000-01-01
Ecuador,1990,0.484,0.382,1989-12-31
Ecuador,1990,0.484,0.382,1990-01-01
Ecuador,1991,0.482,0.382,1990-12-31
Ecuador,1991,0.482,0.382,1991-01-01
Ecuador,1992,0.481,0.1776470588235294,1991-12-31
Ecuador,1992,0.481,0.1776470588235294,1992-01-01
Ecuador,1993,0.47,0.1776470588235294,1992-12-31
Ecuador,1993,0.47,0.1776470588235294,1993-01-01
Ecuador,1994,0.463,0.22494444444444445,1993-12-31
Ecuador,1994,0.463,0.22494444444444445,1994-01-01
Ecuador,1995,0.465,0.22494444444444445,1994-12-31
Ecuador,1995,0.465,0.22494444444444445,1995-01-01
Ecuador,1996,0.467,0.909,1995-12-31
Ecuador,1996,0.467,0.909,1996-01-01
Ecuador,1997,0.472,0.257,1996-12-31
Ecuador,1997,0.472,0.257,1997-01-01
Ecuador,1998,0.476,0.276,1997-12-31
Ecuador,1998,0.476,0.276,1998-01-01
Ecuador,1999,0.47,0.276,1998-12-31
Ecuador,1999,0.47,0.276,1999-01-01
Ecuador,2000,0.466,0.276,1999-12-31
Ecuador,2000,0.466,0.276,2000-01-01
El Salvador,1990,0.089,NA,1989-12-31
El Salvador,1990,0.089,NA,1990-01-01
El Salvador,1991,0.091,0.13556917688266198,1990-12-31
El Salvador,1991,0.091,0.13556917688266198,1991-01-01
El Salvador,1992,0.142,0.13556917688266198,1991-12-31
El Salvador,1992,0.142,0.13556917688266198,1992-01-01
El Salvador,1993,0.211,0.13556917688266198,1992-12-31
El Salvador,1993,0.211,0.13556917688266198,1993-01-01
El Salvador,1994,0.266,0.14128125,1993-12-31
El Salvador,1994,0.266,0.14128125,1994-01-01
El Salvador,1995,0.283,0.14128125,1994-12-31
El Salvador,1995,0.283,0.14128125,1995-01-01
El Salvador,1996,0.286,0.14128125,1995-12-31
El Salvador,1996,0.286,0.14128125,1996-01-01
El Salvador,1997,0.289,0.07702401372212693,1996-12-31
El Salvador,1997,0.289,0.07702401372212693,1997-01-01
El Salvador,1998,0.298,0.07702401372212693,1997-12-31
El Salvador,1998,0.298,0.07702401372212693,1998-01-01
El Salvador,1999,0.304,0.07702401372212693,1998-12-31
El Salvador,1999,0.304,0.07702401372212693,1999-01-01
El Salvador,2000,0.324,0.08393870402802102,1999-12-31
El Salvador,2000,0.324,0.08393870402802102,2000-01-01
Estonia,1990,0.692,0.401,1989-12-31
Estonia,1990,0.692,0.401,1990-01-01
Estonia,1991,0.526,0.401,1990-12-31
Estonia,1991,0.526,0.401,1991-01-01
Estonia,1992,0.385,0.2119940594059406,1991-12-31
Estonia,1992,0.385,0.2119940594059406,1992-01-01
Estonia,1993,0.811,0.2119940594059406,1992-12-31
Estonia,1993,0.811,0.2119940594059406,1993-01-01
Estonia,1994,0.797,0.2119940594059406,1993-12-31
Estonia,1994,0.797,0.2119940594059406,1994-01-01
Estonia,1995,0.797,0.2119940594059406,1994-12-31
Estonia,1995,0.797,0.2119940594059406,1995-01-01
Estonia,1996,0.801,0.2119940594059406,1995-12-31
Estonia,1996,0.801,0.2119940594059406,1996-01-01
Estonia,1997,0.802,0.2119940594059406,1996-12-31
Estonia,1997,0.802,0.2119940594059406,1997-01-01
Estonia,1998,0.801,0.2119940594059406,1997-12-31
Estonia,1998,0.801,0.2119940594059406,1998-01-01
Estonia,1999,0.803,0.08265648854961831,1998-12-31
Estonia,1999,0.803,0.08265648854961831,1999-01-01
Estonia,2000,0.804,0.08265648854961831,1999-12-31
Estonia,2000,0.804,0.08265648854961831,2000-01-01
Finland,1990,0.816,NA,1989-12-31
Finland,1990,0.816,NA,1990-01-01
Finland,1991,0.821,0.20397169811320753,1990-12-31
Finland,1991,0.821,0.20397169811320753,1991-01-01
Finland,1992,0.821,0.20397169811320753,1991-12-31
Finland,1992,0.821,0.20397169811320753,1992-01-01
Finland,1993,0.832,0.20397169811320753,1992-12-31
Finland,1993,0.832,0.20397169811320753,1993-01-01
Finland,1994,0.831,0.20397169811320753,1993-12-31
Finland,1994,0.831,0.20397169811320753,1994-01-01
Finland,1995,0.83,0.2344344262295082,1994-12-31
Finland,1995,0.83,0.2344344262295082,1995-01-01
Finland,1996,0.83,0.2344344262295082,1995-12-31
Finland,1996,0.83,0.2344344262295082,1996-01-01
Finland,1997,0.83,0.2344344262295082,1996-12-31
Finland,1997,0.83,0.2344344262295082,1997-01-01
Finland,1998,0.83,0.2344344262295082,1997-12-31
Finland,1998,0.83,0.2344344262295082,1998-01-01
Finland,1999,0.829,0.20787394957983193,1998-12-31
Finland,1999,0.829,0.20787394957983193,1999-01-01
Finland,2000,0.828,0.20787394957983193,1999-12-31
Finland,2000,0.828,0.20787394957983193,2000-01-01
France,1990,0.806,NA,1989-12-31
France,1990,0.806,NA,1990-01-01
France,1991,0.806,NA,1990-12-31
France,1991,0.806,NA,1991-01-01
France,1992,0.806,NA,1991-12-31
France,1992,0.806,NA,1992-01-01
France,1993,0.802,0.19256164383561644,1992-12-31
France,1993,0.802,0.19256164383561644,1993-01-01
France,1994,0.805,0.19256164383561644,1993-12-31
France,1994,0.805,0.19256164383561644,1994-01-01
France,1995,0.799,0.19256164383561644,1994-12-31
France,1995,0.799,0.19256164383561644,1995-01-01
France,1996,0.803,0.19256164383561644,1995-12-31
France,1996,0.803,0.19256164383561644,1996-01-01
France,1997,0.803,0.3938323699421965,1996-12-31
France,1997,0.803,0.3938323699421965,1997-01-01
France,1998,0.803,0.3938323699421965,1997-12-31
France,1998,0.803,0.3938323699421965,1998-01-01
France,1999,0.803,0.3938323699421965,1998-12-31
France,1999,0.803,0.3938323699421965,1999-01-01
France,2000,0.803,0.3938323699421965,1999-12-31
France,2000,0.803,0.3938323699421965,2000-01-01
German Democratic Republic,1990,0.548,NA,1989-12-31
German Democratic Republic,1990,0.548,NA,1990-01-01
Germany,1990,0.857,0.052968386023294504,1989-12-31
Germany,1990,0.857,0.052968386023294504,1990-01-01
Germany,1991,0.86,0.052968386023294504,1990-12-31
Germany,1991,0.86,0.052968386023294504,1991-01-01
Germany,1992,0.86,0.052968386023294504,1991-12-31
Germany,1992,0.86,0.052968386023294504,1992-01-01
Germany,1993,0.86,0.052968386023294504,1992-12-31
Germany,1993,0.86,0.052968386023294504,1993-01-01
Germany,1994,0.861,0.05543392504930966,1993-12-31
Germany,1994,0.861,0.05543392504930966,1994-01-01
Germany,1995,0.862,0.05543392504930966,1994-12-31
Germany,1995,0.862,0.05543392504930966,1995-01-01
Germany,1996,0.862,0.05543392504930966,1995-12-31
Germany,1996,0.862,0.05543392504930966,1996-01-01
Germany,1997,0.862,0.05543392504930966,1996-12-31
Germany,1997,0.862,0.05543392504930966,1997-01-01
Germany,1998,0.863,0.14662135922330094,1997-12-31
Germany,1998,0.863,0.14662135922330094,1998-01-01
Germany,1999,0.866,0.14662135922330094,1998-12-31
Germany,1999,0.866,0.14662135922330094,1999-01-01
Germany,2000,0.866,0.14662135922330094,1999-12-31
Germany,2000,0.866,0.14662135922330094,2000-01-01
Greece,1990,0.788,0.154,1989-12-31
Greece,1990,0.788,0.154,1990-01-01
Greece,1991,0.788,0.154,1990-12-31
Greece,1991,0.788,0.154,1991-01-01
Greece,1992,0.789,0.154,1991-12-31
Greece,1992,0.789,0.154,1992-01-01
Greece,1993,0.791,0.606,1992-12-31
Greece,1993,0.791,0.606,1993-01-01
Greece,1994,0.794,0.606,1993-12-31
Greece,1994,0.794,0.606,1994-01-01
Greece,1995,0.794,0.606,1994-12-31
Greece,1995,0.794,0.606,1995-01-01
Greece,1996,0.797,0.417,1995-12-31
Greece,1996,0.797,0.417,1996-01-01
Greece,1997,0.797,0.417,1996-12-31
Greece,1997,0.797,0.417,1997-01-01
Greece,1998,0.797,0.417,1997-12-31
Greece,1998,0.797,0.417,1998-01-01
Greece,1999,0.797,0.417,1998-12-31
Greece,1999,0.797,0.417,1999-01-01
Greece,2000,0.798,0.417,1999-12-31
Greece,2000,0.798,0.417,2000-01-01
Guatemala,1990,0.213,0.386,1989-12-31
Guatemala,1990,0.213,0.386,1990-01-01
Guatemala,1991,0.219,0.386,1990-12-31
Guatemala,1991,0.219,0.386,1991-01-01
Guatemala,1992,0.219,0.386,1991-12-31
Guatemala,1992,0.219,0.386,1992-01-01
Guatemala,1993,0.226,0.386,1992-12-31
Guatemala,1993,0.226,0.386,1993-01-01
Guatemala,1994,0.243,0.386,1993-12-31
Guatemala,1994,0.243,0.386,1994-01-01
Guatemala,1995,0.252,0.084,1994-12-31
Guatemala,1995,0.252,0.084,1995-01-01
Guatemala,1996,0.275,0.084,1995-12-31
Guatemala,1996,0.275,0.084,1996-01-01
Guatemala,1997,0.298,0.084,1996-12-31
Guatemala,1997,0.298,0.084,1997-01-01
Guatemala,1998,0.3,0.084,1997-12-31
Guatemala,1998,0.3,0.084,1998-01-01
Guatemala,1999,0.302,0.605,1998-12-31
Guatemala,1999,0.302,0.605,1999-01-01
Guatemala,2000,0.376,0.605,1999-12-31
Guatemala,2000,0.376,0.605,2000-01-01
Guyana,1990,0.224,NA,1989-12-31
Guyana,1990,0.224,NA,1990-01-01
Guyana,1991,0.221,NA,1990-12-31
Guyana,1991,0.221,NA,1991-01-01
Guyana,1992,0.263,0.866,1991-12-31
Guyana,1992,0.263,0.866,1992-01-01
Guyana,1993,0.306,0.866,1992-12-31
Guyana,1993,0.306,0.866,1993-01-01
Guyana,1994,0.31,0.866,1993-12-31
Guyana,1994,0.31,0.866,1994-01-01
Guyana,1995,0.31,0.866,1994-12-31
Guyana,1995,0.31,0.866,1995-01-01
Guyana,1996,0.31,0.866,1995-12-31
Guyana,1996,0.31,0.866,1996-01-01
Guyana,1997,0.315,0.715,1996-12-31
Guyana,1997,0.315,0.715,1997-01-01
Guyana,1998,0.349,0.715,1997-12-31
Guyana,1998,0.349,0.715,1998-01-01
Guyana,1999,0.348,0.715,1998-12-31
Guyana,1999,0.348,0.715,1999-01-01
Guyana,2000,0.345,0.715,1999-12-31
Guyana,2000,0.345,0.715,2000-01-01
Honduras,1990,0.263,NA,1989-12-31
Honduras,1990,0.263,NA,1990-01-01
Honduras,1991,0.266,NA,1990-12-31
Honduras,1991,0.266,NA,1991-01-01
Honduras,1992,0.272,NA,1991-12-31
Honduras,1992,0.272,NA,1992-01-01
Honduras,1993,0.266,0.301,1992-12-31
Honduras,1993,0.266,0.301,1993-01-01
Honduras,1994,0.29,0.301,1993-12-31
Honduras,1994,0.29,0.301,1994-01-01
Honduras,1995,0.299,0.301,1994-12-31
Honduras,1995,0.299,0.301,1995-01-01
Honduras,1996,0.303,0.301,1995-12-31
Honduras,1996,0.303,0.301,1996-01-01
Honduras,1997,0.306,0.224,1996-12-31
Honduras,1997,0.306,0.224,1997-01-01
Honduras,1998,0.306,0.224,1997-12-31
Honduras,1998,0.306,0.224,1998-01-01
Honduras,1999,0.315,0.224,1998-12-31
Honduras,1999,0.315,0.224,1999-01-01
Honduras,2000,0.324,0.224,1999-12-31
Honduras,2000,0.324,0.224,2000-01-01
Hungary,1990,0.724,0.5077386172006746,1989-12-31
Hungary,1990,0.724,0.5077386172006746,1990-01-01
Hungary,1991,0.765,0.5077386172006746,1990-12-31
Hungary,1991,0.765,0.5077386172006746,1991-01-01
Hungary,1992,0.765,0.5077386172006746,1991-12-31
Hungary,1992,0.765,0.5077386172006746,1992-01-01
Hungary,1993,0.765,0.5077386172006746,1992-12-31
Hungary,1993,0.765,0.5077386172006746,1993-01-01
Hungary,1994,0.763,0.36809027777777775,1993-12-31
Hungary,1994,0.763,0.36809027777777775,1994-01-01
Hungary,1995,0.762,0.36809027777777775,1994-12-31
Hungary,1995,0.762,0.36809027777777775,1995-01-01
Hungary,1996,0.762,0.36809027777777775,1995-12-31
Hungary,1996,0.762,0.36809027777777775,1996-01-01
Hungary,1997,0.761,0.36809027777777775,1996-12-31
Hungary,1997,0.761,0.36809027777777775,1997-01-01
Hungary,1998,0.759,0.5110197238658777,1997-12-31
Hungary,1998,0.759,0.5110197238658777,1998-01-01
Hungary,1999,0.756,0.5110197238658777,1998-12-31
Hungary,1999,0.756,0.5110197238658777,1999-01-01
Hungary,2000,0.756,0.5110197238658777,1999-12-31
Hungary,2000,0.756,0.5110197238658777,2000-01-01
Iceland,1990,0.783,NA,1989-12-31
Iceland,1990,0.783,NA,1990-01-01
Iceland,1991,0.782,0.06116958041958043,1990-12-31
Iceland,1991,0.782,0.06116958041958043,1991-01-01
Iceland,1992,0.781,0.06116958041958043,1991-12-31
Iceland,1992,0.781,0.06116958041958043,1992-01-01
Iceland,1993,0.781,0.06116958041958043,1992-12-31
Iceland,1993,0.781,0.06116958041958043,1993-01-01
Iceland,1994,0.781,0.06116958041958043,1993-12-31
Iceland,1994,0.781,0.06116958041958043,1994-01-01
Iceland,1995,0.784,0.09335590551181103,1994-12-31
Iceland,1995,0.784,0.09335590551181103,1995-01-01
Iceland,1996,0.79,0.09335590551181103,1995-12-31
Iceland,1996,0.79,0.09335590551181103,1996-01-01
Iceland,1997,0.79,0.09335590551181103,1996-12-31
Iceland,1997,0.79,0.09335590551181103,1997-01-01
Iceland,1998,0.79,0.09335590551181103,1997-12-31
Iceland,1998,0.79,0.09335590551181103,1998-01-01
Iceland,1999,0.789,0.08756384742951907,1998-12-31
Iceland,1999,0.789,0.08756384742951907,1999-01-01
Iceland,2000,0.789,0.08756384742951907,1999-12-31
Iceland,2000,0.789,0.08756384742951907,2000-01-01
Ireland,1990,0.769,NA,1989-12-31
Ireland,1990,0.769,NA,1990-01-01
Ireland,1991,0.787,NA,1990-12-31
Ireland,1991,0.787,NA,1991-01-01
Ireland,1992,0.791,0.2814006568144499,1991-12-31
Ireland,1992,0.791,0.2814006568144499,1992-01-01
Ireland,1993,0.79,0.2814006568144499,1992-12-31
Ireland,1993,0.79,0.2814006568144499,1993-01-01
Ireland,1994,0.79,0.2814006568144499,1993-12-31
Ireland,1994,0.79,0.2814006568144499,1994-01-01
Ireland,1995,0.791,0.2814006568144499,1994-12-31
Ireland,1995,0.791,0.2814006568144499,1995-01-01
Ireland,1996,0.794,0.2814006568144499,1995-12-31
Ireland,1996,0.794,0.2814006568144499,1996-01-01
Ireland,1997,0.809,0.229,1996-12-31
Ireland,1997,0.809,0.229,1997-01-01
Ireland,1998,0.812,0.229,1997-12-31
Ireland,1998,0.812,0.229,1998-01-01
Ireland,1999,0.812,0.229,1998-12-31
Ireland,1999,0.812,0.229,1999-01-01
Ireland,2000,0.816,0.229,1999-12-31
Ireland,2000,0.816,0.229,2000-01-01
Italy,1990,0.736,NA,1989-12-31
Italy,1990,0.736,NA,1990-01-01
Italy,1991,0.745,NA,1990-12-31
Italy,1991,0.745,NA,1991-01-01
Italy,1992,0.753,0.08156871035940802,1991-12-31
Italy,1992,0.753,0.08156871035940802,1992-01-01
Italy,1993,0.758,0.08156871035940802,1992-12-31
Italy,1993,0.758,0.08156871035940802,1993-01-01
Italy,1994,0.751,0.5443321858864028,1993-12-31
Italy,1994,0.751,0.5443321858864028,1994-01-01
Italy,1995,0.753,0.5443321858864028,1994-12-31
Italy,1995,0.753,0.5443321858864028,1995-01-01
Italy,1996,0.759,0.10635458167330676,1995-12-31
Italy,1996,0.759,0.10635458167330676,1996-01-01
Italy,1997,0.765,0.10635458167330676,1996-12-31
Italy,1997,0.765,0.10635458167330676,1997-01-01
Italy,1998,0.765,0.10635458167330676,1997-12-31
Italy,1998,0.765,0.10635458167330676,1998-01-01
Italy,1999,0.765,0.10635458167330676,1998-12-31
Italy,1999,0.765,0.10635458167330676,1999-01-01
Italy,2000,0.763,0.10635458167330676,1999-12-31
Italy,2000,0.763,0.10635458167330676,2000-01-01
Kosovo,1999,0.139,NA,1998-12-31
Kosovo,1999,0.139,NA,1999-01-01
Kosovo,2000,0.152,NA,1999-12-31
Kosovo,2000,0.152,NA,2000-01-01
Latvia,1990,0.448,0.517,1989-12-31
Latvia,1990,0.448,0.517,1990-01-01
Latvia,1991,0.502,0.517,1990-12-31
Latvia,1991,0.502,0.517,1991-01-01
Latvia,1992,0.569,0.517,1991-12-31
Latvia,1992,0.569,0.517,1992-01-01
Latvia,1993,0.636,0.31675,1992-12-31
Latvia,1993,0.636,0.31675,1993-01-01
Latvia,1994,0.684,0.31675,1993-12-31
Latvia,1994,0.684,0.31675,1994-01-01
Latvia,1995,0.68,0.3828923076923077,1994-12-31
Latvia,1995,0.68,0.3828923076923077,1995-01-01
Latvia,1996,0.689,0.3828923076923077,1995-12-31
Latvia,1996,0.689,0.3828923076923077,1996-01-01
Latvia,1997,0.703,0.3828923076923077,1996-12-31
Latvia,1997,0.703,0.3828923076923077,1997-01-01
Latvia,1998,0.702,0.4157666666666667,1997-12-31
Latvia,1998,0.702,0.4157666666666667,1998-01-01
Latvia,1999,0.7,0.4157666666666667,1998-12-31
Latvia,1999,0.7,0.4157666666666667,1999-01-01
Latvia,2000,0.705,0.4157666666666667,1999-12-31
Latvia,2000,0.705,0.4157666666666667,2000-01-01
Lithuania,1990,0.742,0.35451225490196075,1989-12-31
Lithuania,1990,0.742,0.35451225490196075,1990-01-01
Lithuania,1991,0.719,0.35451225490196075,1990-12-31
Lithuania,1991,0.719,0.35451225490196075,1991-01-01
Lithuania,1992,0.741,0.215,1991-12-31
Lithuania,1992,0.741,0.215,1992-01-01
Lithuania,1993,0.752,0.215,1992-12-31
Lithuania,1993,0.752,0.215,1993-01-01
Lithuania,1994,0.77,0.215,1993-12-31
Lithuania,1994,0.77,0.215,1994-01-01
Lithuania,1995,0.77,0.215,1994-12-31
Lithuania,1995,0.77,0.215,1995-01-01
Lithuania,1996,0.765,0.24982165605095547,1995-12-31
Lithuania,1996,0.765,0.24982165605095547,1996-01-01
Lithuania,1997,0.766,0.24982165605095547,1996-12-31
Lithuania,1997,0.766,0.24982165605095547,1997-01-01
Lithuania,1998,0.763,0.24982165605095547,1997-12-31
Lithuania,1998,0.763,0.24982165605095547,1998-01-01
Lithuania,1999,0.765,0.24982165605095547,1998-12-31
Lithuania,1999,0.765,0.24982165605095547,1999-01-01
Lithuania,2000,0.765,0.34424161073825504,1999-12-31
Lithuania,2000,0.765,0.34424161073825504,2000-01-01
Luxembourg,1990,0.795,NA,1989-12-31
Luxembourg,1990,0.795,NA,1990-01-01
Luxembourg,1991,0.795,NA,1990-12-31
Luxembourg,1991,0.795,NA,1991-01-01
Luxembourg,1992,0.795,NA,1991-12-31
Luxembourg,1992,0.795,NA,1992-01-01
Luxembourg,1993,0.795,NA,1992-12-31
Luxembourg,1993,0.795,NA,1993-01-01
Luxembourg,1994,0.794,0.08119905213270143,1993-12-31
Luxembourg,1994,0.794,0.08119905213270143,1994-01-01
Luxembourg,1995,0.793,0.08119905213270143,1994-12-31
Luxembourg,1995,0.793,0.08119905213270143,1995-01-01
Luxembourg,1996,0.793,0.08119905213270143,1995-12-31
Luxembourg,1996,0.793,0.08119905213270143,1996-01-01
Luxembourg,1997,0.793,0.08119905213270143,1996-12-31
Luxembourg,1997,0.793,0.08119905213270143,1997-01-01
Luxembourg,1998,0.793,0.08119905213270143,1997-12-31
Luxembourg,1998,0.793,0.08119905213270143,1998-01-01
Luxembourg,1999,0.795,0.08371781305114637,1998-12-31
Luxembourg,1999,0.795,0.08371781305114637,1999-01-01
Luxembourg,2000,0.796,0.08371781305114637,1999-12-31
Luxembourg,2000,0.796,0.08371781305114637,2000-01-01
Malta,1990,0.565,NA,1989-12-31
Malta,1990,0.565,NA,1990-01-01
Malta,1991,0.57,NA,1990-12-31
Malta,1991,0.57,NA,1991-01-01
Malta,1992,0.6,0.271,1991-12-31
Malta,1992,0.6,0.271,1992-01-01
Malta,1993,0.605,0.271,1992-12-31
Malta,1993,0.605,0.271,1993-01-01
Malta,1994,0.605,0.271,1993-12-31
Malta,1994,0.605,0.271,1994-01-01
Malta,1995,0.605,0.271,1994-12-31
Malta,1995,0.605,0.271,1995-01-01
Malta,1996,0.614,0.634,1995-12-31
Malta,1996,0.614,0.634,1996-01-01
Malta,1997,0.616,0.634,1996-12-31
Malta,1997,0.616,0.634,1997-01-01
Malta,1998,0.616,0.525,1997-12-31
Malta,1998,0.616,0.525,1998-01-01
Malta,1999,0.616,0.525,1998-12-31
Malta,1999,0.616,0.525,1999-01-01
Malta,2000,0.616,0.525,1999-12-31
Malta,2000,0.616,0.525,2000-01-01
Mexico,1990,0.195,NA,1989-12-31
Mexico,1990,0.195,NA,1990-01-01
Mexico,1991,0.204,0.132,1990-12-31
Mexico,1991,0.204,0.132,1991-01-01
Mexico,1992,0.219,0.132,1991-12-31
Mexico,1992,0.219,0.132,1992-01-01
Mexico,1993,0.224,0.132,1992-12-31
Mexico,1993,0.224,0.132,1993-01-01
Mexico,1994,0.266,0.111,1993-12-31
Mexico,1994,0.266,0.111,1994-01-01
Mexico,1995,0.282,0.111,1994-12-31
Mexico,1995,0.282,0.111,1995-01-01
Mexico,1996,0.293,0.111,1995-12-31
Mexico,1996,0.293,0.111,1996-01-01
Mexico,1997,0.347,0.111,1996-12-31
Mexico,1997,0.347,0.111,1997-01-01
Mexico,1998,0.377,0.111,1997-12-31
Mexico,1998,0.377,0.111,1998-01-01
Mexico,1999,0.378,0.111,1998-12-31
Mexico,1999,0.378,0.111,1999-01-01
Mexico,2000,0.48,0.169,1999-12-31
Mexico,2000,0.48,0.169,2000-01-01
Moldova,1990,0.306,NA,1989-12-31
Moldova,1990,0.306,NA,1990-01-01
Moldova,1991,0.335,NA,1990-12-31
Moldova,1991,0.335,NA,1991-01-01
Moldova,1992,0.369,NA,1991-12-31
Moldova,1992,0.369,NA,1992-01-01
Moldova,1993,0.376,NA,1992-12-31
Moldova,1993,0.376,NA,1993-01-01
Moldova,1994,0.42,0.16,1993-12-31
Moldova,1994,0.42,0.16,1994-01-01
Moldova,1995,0.423,0.16,1994-12-31
Moldova,1995,0.423,0.16,1995-01-01
Moldova,1996,0.422,0.16,1995-12-31
Moldova,1996,0.422,0.16,1996-01-01
Moldova,1997,0.424,0.16,1996-12-31
Moldova,1997,0.424,0.16,1997-01-01
Moldova,1998,0.437,0.3896026490066225,1997-12-31
Moldova,1998,0.437,0.3896026490066225,1998-01-01
Moldova,1999,0.459,0.3896026490066225,1998-12-31
Moldova,1999,0.459,0.3896026490066225,1999-01-01
Moldova,2000,0.448,0.3896026490066225,1999-12-31
Moldova,2000,0.448,0.3896026490066225,2000-01-01
Montenegro,1998,NA,0.09848327137546468,1997-12-31
Montenegro,1998,NA,0.09848327137546468,1998-01-01
Montenegro,1999,0.328,0.09848327137546468,1998-12-31
Montenegro,1999,0.328,0.09848327137546468,1999-01-01
Montenegro,2000,0.328,0.09848327137546468,1999-12-31
Montenegro,2000,0.328,0.09848327137546468,2000-01-01
Netherlands,1990,0.815,NA,1989-12-31
Netherlands,1990,0.815,NA,1990-01-01
Netherlands,1991,0.815,NA,1990-12-31
Netherlands,1991,0.815,NA,1991-01-01
Netherlands,1992,0.815,NA,1991-12-31
Netherlands,1992,0.815,NA,1992-01-01
Netherlands,1993,0.815,NA,1992-12-31
Netherlands,1993,0.815,NA,1993-01-01
Netherlands,1994,0.814,0.0990586319218241,1993-12-31
Netherlands,1994,0.814,0.0990586319218241,1994-01-01
Netherlands,1995,0.814,0.0990586319218241,1994-12-31
Netherlands,1995,0.814,0.0990586319218241,1995-01-01
Netherlands,1996,0.814,0.0990586319218241,1995-12-31
Netherlands,1996,0.814,0.0990586319218241,1996-01-01
Netherlands,1997,0.81,0.0990586319218241,1996-12-31
Netherlands,1997,0.81,0.0990586319218241,1997-01-01
Netherlands,1998,0.799,0.08739628482972137,1997-12-31
Netherlands,1998,0.799,0.08739628482972137,1998-01-01
Netherlands,1999,0.817,0.08739628482972137,1998-12-31
Netherlands,1999,0.817,0.08739628482972137,1999-01-01
Netherlands,2000,0.808,0.08739628482972137,1999-12-31
Netherlands,2000,0.808,0.08739628482972137,2000-01-01
Nicaragua,1990,0.422,0.554,1989-12-31
Nicaragua,1990,0.422,0.554,1990-01-01
Nicaragua,1991,0.476,0.554,1990-12-31
Nicaragua,1991,0.476,0.554,1991-01-01
Nicaragua,1992,0.482,0.554,1991-12-31
Nicaragua,1992,0.482,0.554,1992-01-01
Nicaragua,1993,0.49,0.554,1992-12-31
Nicaragua,1993,0.49,0.554,1993-01-01
Nicaragua,1994,0.491,0.554,1993-12-31
Nicaragua,1994,0.491,0.554,1994-01-01
Nicaragua,1995,0.49,0.554,1994-12-31
Nicaragua,1995,0.49,0.554,1995-01-01
Nicaragua,1996,0.458,0.262,1995-12-31
Nicaragua,1996,0.458,0.262,1996-01-01
Nicaragua,1997,0.413,0.262,1996-12-31
Nicaragua,1997,0.413,0.262,1997-01-01
Nicaragua,1998,0.413,0.262,1997-12-31
Nicaragua,1998,0.413,0.262,1998-01-01
Nicaragua,1999,0.386,0.262,1998-12-31
Nicaragua,1999,0.386,0.262,1999-01-01
Nicaragua,2000,0.381,0.262,1999-12-31
Nicaragua,2000,0.381,0.262,2000-01-01
North Macedonia,1991,0.257,NA,1990-12-31
North Macedonia,1991,0.257,NA,1991-01-01
North Macedonia,1992,0.257,NA,1991-12-31
North Macedonia,1992,0.257,NA,1992-01-01
North Macedonia,1993,0.259,NA,1992-12-31
North Macedonia,1993,0.259,NA,1993-01-01
North Macedonia,1994,0.283,0.19451361386138616,1993-12-31
North Macedonia,1994,0.283,0.19451361386138616,1994-01-01
North Macedonia,1995,0.356,0.19451361386138616,1994-12-31
North Macedonia,1995,0.356,0.19451361386138616,1995-01-01
North Macedonia,1996,0.367,0.19451361386138616,1995-12-31
North Macedonia,1996,0.367,0.19451361386138616,1996-01-01
North Macedonia,1997,0.373,0.19451361386138616,1996-12-31
North Macedonia,1997,0.373,0.19451361386138616,1997-01-01
North Macedonia,1998,0.398,0.25241860465116284,1997-12-31
North Macedonia,1998,0.398,0.25241860465116284,1998-01-01
North Macedonia,1999,0.435,0.25241860465116284,1998-12-31
North Macedonia,1999,0.435,0.25241860465116284,1999-01-01
North Macedonia,2000,0.355,0.25241860465116284,1999-12-31
North Macedonia,2000,0.355,0.25241860465116284,2000-01-01
Norway,1990,0.851,NA,1989-12-31
Norway,1990,0.851,NA,1990-01-01
Norway,1991,0.851,NA,1990-12-31
Norway,1991,0.851,NA,1991-01-01
Norway,1992,0.851,NA,1991-12-31
Norway,1992,0.851,NA,1992-01-01
Norway,1993,0.852,0.2593010309278351,1992-12-31
Norway,1993,0.852,0.2593010309278351,1993-01-01
Norway,1994,0.854,0.2593010309278351,1993-12-31
Norway,1994,0.854,0.2593010309278351,1994-01-01
Norway,1995,0.854,0.2593010309278351,1994-12-31
Norway,1995,0.854,0.2593010309278351,1995-01-01
Norway,1996,0.854,0.2593010309278351,1995-12-31
Norway,1996,0.854,0.2593010309278351,1996-01-01
Norway,1997,0.853,0.3475529411764706,1996-12-31
Norway,1997,0.853,0.3475529411764706,1997-01-01
Norway,1998,0.85,0.3475529411764706,1997-12-31
Norway,1998,0.85,0.3475529411764706,1998-01-01
Norway,1999,0.85,0.3475529411764706,1998-12-31
Norway,1999,0.85,0.3475529411764706,1999-01-01
Norway,2000,0.858,0.3475529411764706,1999-12-31
Norway,2000,0.858,0.3475529411764706,2000-01-01
Panama,1990,0.279,NA,1989-12-31
Panama,1990,0.279,NA,1990-01-01
Panama,1991,0.519,NA,1990-12-31
Panama,1991,0.519,NA,1991-01-01
Panama,1992,0.531,NA,1991-12-31
Panama,1992,0.531,NA,1992-01-01
Panama,1993,0.533,NA,1992-12-31
Panama,1993,0.533,NA,1993-01-01
Panama,1994,0.537,0.452,1993-12-31
Panama,1994,0.537,0.452,1994-01-01
Panama,1995,0.537,0.452,1994-12-31
Panama,1995,0.537,0.452,1995-01-01
Panama,1996,0.537,0.452,1995-12-31
Panama,1996,0.537,0.452,1996-01-01
Panama,1997,0.537,0.452,1996-12-31
Panama,1997,0.537,0.452,1997-01-01
Panama,1998,0.53,0.452,1997-12-31
Panama,1998,0.53,0.452,1998-01-01
Panama,1999,0.531,0.31960493827160497,1998-12-31
Panama,1999,0.531,0.31960493827160497,1999-01-01
Panama,2000,0.551,0.31960493827160497,1999-12-31
Panama,2000,0.551,0.31960493827160497,2000-01-01
Paraguay,1990,0.212,NA,1989-12-31
Paraguay,1990,0.212,NA,1990-01-01
Paraguay,1991,0.217,NA,1990-12-31
Paraguay,1991,0.217,NA,1991-01-01
Paraguay,1992,0.35,NA,1991-12-31
Paraguay,1992,0.35,NA,1992-01-01
Paraguay,1993,0.371,0.243,1992-12-31
Paraguay,1993,0.371,0.243,1993-01-01
Paraguay,1994,0.381,0.243,1993-12-31
Paraguay,1994,0.381,0.243,1994-01-01
Paraguay,1995,0.381,0.243,1994-12-31
Paraguay,1995,0.381,0.243,1995-01-01
Paraguay,1996,0.385,0.243,1995-12-31
Paraguay,1996,0.385,0.243,1996-01-01
Paraguay,1997,0.388,0.243,1996-12-31
Paraguay,1997,0.388,0.243,1997-01-01
Paraguay,1998,0.391,0.381,1997-12-31
Paraguay,1998,0.391,0.381,1998-01-01
Paraguay,1999,0.393,0.381,1998-12-31
Paraguay,1999,0.393,0.381,1999-01-01
Paraguay,2000,0.396,0.381,1999-12-31
Paraguay,2000,0.396,0.381,2000-01-01
Peru,1990,0.391,0.751,1989-12-31
Peru,1990,0.391,0.751,1990-01-01
Peru,1991,0.391,0.751,1990-12-31
Peru,1991,0.391,0.751,1991-01-01
Peru,1992,0.116,0.75,1991-12-31
Peru,1992,0.116,0.75,1992-01-01
Peru,1993,0.099,0.75,1992-12-31
Peru,1993,0.099,0.75,1993-01-01
Peru,1994,0.099,0.75,1993-12-31
Peru,1994,0.099,0.75,1994-01-01
Peru,1995,0.097,0.747,1994-12-31
Peru,1995,0.097,0.747,1995-01-01
Peru,1996,0.136,0.747,1995-12-31
Peru,1996,0.136,0.747,1996-01-01
Peru,1997,0.133,0.747,1996-12-31
Peru,1997,0.133,0.747,1997-01-01
Peru,1998,0.127,0.747,1997-12-31
Peru,1998,0.127,0.747,1998-01-01
Peru,1999,0.127,0.747,1998-12-31
Peru,1999,0.127,0.747,1999-01-01
Peru,2000,0.195,0.431,1999-12-31
Peru,2000,0.195,0.431,2000-01-01
Poland,1990,0.667,NA,1989-12-31
Poland,1990,0.667,NA,1990-01-01
Poland,1991,0.783,0.5985690866510538,1990-12-31
Poland,1991,0.783,0.5985690866510538,1991-01-01
Poland,1992,0.804,0.5985690866510538,1991-12-31
Poland,1992,0.804,0.5985690866510538,1992-01-01
Poland,1993,0.807,0.42687253414264037,1992-12-31
Poland,1993,0.807,0.42687253414264037,1993-01-01
Poland,1994,0.813,0.42687253414264037,1993-12-31
Poland,1994,0.813,0.42687253414264037,1994-01-01
Poland,1995,0.811,0.42687253414264037,1994-12-31
Poland,1995,0.811,0.42687253414264037,1995-01-01
Poland,1996,0.805,0.42687253414264037,1995-12-31
Poland,1996,0.805,0.42687253414264037,1996-01-01
Poland,1997,0.795,0.5468694885361552,1996-12-31
Poland,1997,0.795,0.5468694885361552,1997-01-01
Poland,1998,0.801,0.5468694885361552,1997-12-31
Poland,1998,0.801,0.5468694885361552,1998-01-01
Poland,1999,0.806,0.5468694885361552,1998-12-31
Poland,1999,0.806,0.5468694885361552,1999-01-01
Poland,2000,0.806,0.5468694885361552,1999-12-31
Poland,2000,0.806,0.5468694885361552,2000-01-01
Portugal,1990,0.824,NA,1989-12-31
Portugal,1990,0.824,NA,1990-01-01
Portugal,1991,0.81,0.186,1990-12-31
Portugal,1991,0.81,0.186,1991-01-01
Portugal,1992,0.809,0.186,1991-12-31
Portugal,1992,0.809,0.186,1992-01-01
Portugal,1993,0.809,0.186,1992-12-31
Portugal,1993,0.809,0.186,1993-01-01
Portugal,1994,0.809,0.186,1993-12-31
Portugal,1994,0.809,0.186,1994-01-01
Portugal,1995,0.812,0.319,1994-12-31
Portugal,1995,0.812,0.319,1995-01-01
Portugal,1996,0.82,0.319,1995-12-31
Portugal,1996,0.82,0.319,1996-01-01
Portugal,1997,0.82,0.319,1996-12-31
Portugal,1997,0.82,0.319,1997-01-01
Portugal,1998,0.82,0.319,1997-12-31
Portugal,1998,0.82,0.319,1998-01-01
Portugal,1999,0.821,0.319,1998-12-31
Portugal,1999,0.821,0.319,1999-01-01
Portugal,2000,0.822,0.319,1999-12-31
Portugal,2000,0.822,0.319,2000-01-01
Romania,1990,0.302,0.349,1989-12-31
Romania,1990,0.302,0.349,1990-01-01
Romania,1991,0.336,0.349,1990-12-31
Romania,1991,0.336,0.349,1991-01-01
Romania,1992,0.369,0.5439466357308586,1991-12-31
Romania,1992,0.369,0.5439466357308586,1992-01-01
Romania,1993,0.393,0.5439466357308586,1992-12-31
Romania,1993,0.393,0.5439466357308586,1993-01-01
Romania,1994,0.393,0.5439466357308586,1993-12-31
Romania,1994,0.393,0.5439466357308586,1994-01-01
Romania,1995,0.393,0.5439466357308586,1994-12-31
Romania,1995,0.393,0.5439466357308586,1995-01-01
Romania,1996,0.415,0.1727250922509225,1995-12-31
Romania,1996,0.415,0.1727250922509225,1996-01-01
Romania,1997,0.447,0.1727250922509225,1996-12-31
Romania,1997,0.447,0.1727250922509225,1997-01-01
Romania,1998,0.447,0.1727250922509225,1997-12-31
Romania,1998,0.447,0.1727250922509225,1998-01-01
Romania,1999,0.442,0.1727250922509225,1998-12-31
Romania,1999,0.442,0.1727250922509225,1999-01-01
Romania,2000,0.438,0.1727250922509225,1999-12-31
Romania,2000,0.438,0.1727250922509225,2000-01-01
Russia,1990,0.094,NA,1989-12-31
Russia,1990,0.094,NA,1990-01-01
Russia,1991,0.129,NA,1990-12-31
Russia,1991,0.129,NA,1991-01-01
Russia,1992,0.305,NA,1991-12-31
Russia,1992,0.305,NA,1992-01-01
Russia,1993,0.298,0.263,1992-12-31
Russia,1993,0.298,0.263,1993-01-01
Russia,1994,0.299,0.263,1993-12-31
Russia,1994,0.299,0.263,1994-01-01
Russia,1995,0.302,0.133,1994-12-31
Russia,1995,0.302,0.133,1995-01-01
Russia,1996,0.297,0.133,1995-12-31
Russia,1996,0.297,0.133,1996-01-01
Russia,1997,0.29,0.133,1996-12-31
Russia,1997,0.29,0.133,1997-01-01
Russia,1998,0.29,0.133,1997-12-31
Russia,1998,0.29,0.133,1998-01-01
Russia,1999,0.291,0.26858133333333334,1998-12-31
Russia,1999,0.291,0.26858133333333334,1999-01-01
Russia,2000,0.227,0.26858133333333334,1999-12-31
Russia,2000,0.227,0.26858133333333334,2000-01-01
Serbia,1990,0.154,0.543,1989-12-31
Serbia,1990,0.154,0.543,1990-01-01
Serbia,1991,0.106,0.543,1990-12-31
Serbia,1991,0.106,0.543,1991-01-01
Serbia,1992,0.149,0.5874712643678162,1991-12-31
Serbia,1992,0.149,0.5874712643678162,1992-01-01
Serbia,1993,0.178,0.481,1992-12-31
Serbia,1993,0.178,0.481,1993-01-01
Serbia,1994,0.18,0.481,1993-12-31
Serbia,1994,0.18,0.481,1994-01-01
Serbia,1995,0.18,0.481,1994-12-31
Serbia,1995,0.18,0.481,1995-01-01
Serbia,1996,0.183,0.5146,1995-12-31
Serbia,1996,0.183,0.5146,1996-01-01
Serbia,1997,0.185,0.4244166666666667,1996-12-31
Serbia,1997,0.185,0.4244166666666667,1997-01-01
Serbia,1998,0.183,0.4244166666666667,1997-12-31
Serbia,1998,0.183,0.4244166666666667,1998-01-01
Serbia,1999,0.182,0.4244166666666667,1998-12-31
Serbia,1999,0.182,0.4244166666666667,1999-01-01
Serbia,2000,0.275,0.19937419354838712,1999-12-31
Serbia,2000,0.275,0.19937419354838712,2000-01-01
Slovakia,1993,0.642,NA,1992-12-31
Slovakia,1993,0.642,NA,1993-01-01
Slovakia,1994,0.551,0.5038772563176895,1993-12-31
Slovakia,1994,0.551,0.5038772563176895,1994-01-01
Slovakia,1995,0.548,0.5038772563176895,1994-12-31
Slovakia,1995,0.548,0.5038772563176895,1995-01-01
Slovakia,1996,0.548,0.5038772563176895,1995-12-31
Slovakia,1996,0.548,0.5038772563176895,1996-01-01
Slovakia,1997,0.548,0.5038772563176895,1996-12-31
Slovakia,1997,0.548,0.5038772563176895,1997-01-01
Slovakia,1998,0.641,0.5038772563176895,1997-12-31
Slovakia,1998,0.641,0.5038772563176895,1998-01-01
Slovakia,1999,0.755,0.5038772563176895,1998-12-31
Slovakia,1999,0.755,0.5038772563176895,1999-01-01
Slovakia,2000,0.758,0.5038772563176895,1999-12-31
Slovakia,2000,0.758,0.5038772563176895,2000-01-01
Slovenia,1990,0.52,0.42660798548094375,1989-12-31
Slovenia,1990,0.52,0.42660798548094375,1990-01-01
Slovenia,1991,0.725,0.42660798548094375,1990-12-31
Slovenia,1991,0.725,0.42660798548094375,1991-01-01
Slovenia,1992,0.771,0.23584700315457413,1991-12-31
Slovenia,1992,0.771,0.23584700315457413,1992-01-01
Slovenia,1993,0.764,0.23584700315457413,1992-12-31
Slovenia,1993,0.764,0.23584700315457413,1993-01-01
Slovenia,1994,0.771,0.23584700315457413,1993-12-31
Slovenia,1994,0.771,0.23584700315457413,1994-01-01
Slovenia,1995,0.766,0.23584700315457413,1994-12-31
Slovenia,1995,0.766,0.23584700315457413,1995-01-01
Slovenia,1996,0.774,0.27580981595092025,1995-12-31
Slovenia,1996,0.774,0.27580981595092025,1996-01-01
Slovenia,1997,0.769,0.27580981595092025,1996-12-31
Slovenia,1997,0.769,0.27580981595092025,1997-01-01
Slovenia,1998,0.766,0.27580981595092025,1997-12-31
Slovenia,1998,0.766,0.27580981595092025,1998-01-01
Slovenia,1999,0.765,0.27580981595092025,1998-12-31
Slovenia,1999,0.765,0.27580981595092025,1999-01-01
Slovenia,2000,0.759,0.23460559006211182,1999-12-31
Slovenia,2000,0.759,0.23460559006211182,2000-01-01
Spain,1990,0.814,NA,1989-12-31
Spain,1990,0.814,NA,1990-01-01
Spain,1991,0.814,NA,1990-12-31
Spain,1991,0.814,NA,1991-01-01
Spain,1992,0.814,NA,1991-12-31
Spain,1992,0.814,NA,1992-01-01
Spain,1993,0.823,0.2621351888667992,1992-12-31
Spain,1993,0.823,0.2621351888667992,1993-01-01
Spain,1994,0.823,0.2621351888667992,1993-12-31
Spain,1994,0.823,0.2621351888667992,1994-01-01
Spain,1995,0.823,0.2621351888667992,1994-12-31
Spain,1995,0.823,0.2621351888667992,1995-01-01
Spain,1996,0.822,0.084,1995-12-31
Spain,1996,0.822,0.084,1996-01-01
Spain,1997,0.822,0.084,1996-12-31
Spain,1997,0.822,0.084,1997-01-01
Spain,1998,0.822,0.084,1997-12-31
Spain,1998,0.822,0.084,1998-01-01
Spain,1999,0.822,0.084,1998-12-31
Spain,1999,0.822,0.084,1999-01-01
Spain,2000,0.815,0.08,1999-12-31
Spain,2000,0.815,0.08,2000-01-01
Suriname,1990,0.567,NA,1989-12-31
Suriname,1990,0.567,NA,1990-01-01
Suriname,1991,0.381,NA,1990-12-31
Suriname,1991,0.381,NA,1991-01-01
Suriname,1992,0.642,NA,1991-12-31
Suriname,1992,0.642,NA,1992-01-01
Suriname,1993,0.655,NA,1992-12-31
Suriname,1993,0.655,NA,1993-01-01
Suriname,1994,0.657,NA,1993-12-31
Suriname,1994,0.657,NA,1994-01-01
Suriname,1995,0.657,NA,1994-12-31
Suriname,1995,0.657,NA,1995-01-01
Suriname,1996,0.666,NA,1995-12-31
Suriname,1996,0.666,NA,1996-01-01
Suriname,1997,0.669,NA,1996-12-31
Suriname,1997,0.669,NA,1997-01-01
Suriname,1998,0.669,NA,1997-12-31
Suriname,1998,0.669,NA,1998-01-01
Suriname,1999,0.669,NA,1998-12-31
Suriname,1999,0.669,NA,1999-01-01
Suriname,2000,0.678,NA,1999-12-31
Suriname,2000,0.678,NA,2000-01-01
Sweden,1990,0.883,NA,1989-12-31
Sweden,1990,0.883,NA,1990-01-01
Sweden,1991,0.883,0.10806570841889115,1990-12-31
Sweden,1991,0.883,0.10806570841889115,1991-01-01
Sweden,1992,0.883,0.10806570841889115,1991-12-31
Sweden,1992,0.883,0.10806570841889115,1992-01-01
Sweden,1993,0.883,0.10806570841889115,1992-12-31
Sweden,1993,0.883,0.10806570841889115,1993-01-01
Sweden,1994,0.883,0.347,1993-12-31
Sweden,1994,0.883,0.347,1994-01-01
Sweden,1995,0.883,0.347,1994-12-31
Sweden,1995,0.883,0.347,1995-01-01
Sweden,1996,0.883,0.347,1995-12-31
Sweden,1996,0.883,0.347,1996-01-01
Sweden,1997,0.883,0.347,1996-12-31
Sweden,1997,0.883,0.347,1997-01-01
Sweden,1998,0.882,0.4077590361445783,1997-12-31
Sweden,1998,0.882,0.4077590361445783,1998-01-01
Sweden,1999,0.88,0.4077590361445783,1998-12-31
Sweden,1999,0.88,0.4077590361445783,1999-01-01
Sweden,2000,0.88,0.4077590361445783,1999-12-31
Sweden,2000,0.88,0.4077590361445783,2000-01-01
Switzerland,1990,0.831,NA,1989-12-31
Switzerland,1990,0.831,NA,1990-01-01
Switzerland,1991,0.834,0.33868965517241384,1990-12-31
Switzerland,1991,0.834,0.33868965517241384,1991-01-01
Switzerland,1992,0.833,0.33868965517241384,1991-12-31
Switzerland,1992,0.833,0.33868965517241384,1992-01-01
Switzerland,1993,0.837,0.33868965517241384,1992-12-31
Switzerland,1993,0.837,0.33868965517241384,1993-01-01
Switzerland,1994,0.837,0.33868965517241384,1993-12-31
Switzerland,1994,0.837,0.33868965517241384,1994-01-01
Switzerland,1995,0.838,0.3751851851851852,1994-12-31
Switzerland,1995,0.838,0.3751851851851852,1995-01-01
Switzerland,1996,0.84,0.3751851851851852,1995-12-31
Switzerland,1996,0.84,0.3751851851851852,1996-01-01
Switzerland,1997,0.84,0.3751851851851852,1996-12-31
Switzerland,1997,0.84,0.3751851851851852,1997-01-01
Switzerland,1998,0.84,0.3751851851851852,1997-12-31
Switzerland,1998,0.84,0.3751851851851852,1998-01-01
Switzerland,1999,0.84,0.4195606936416185,1998-12-31
Switzerland,1999,0.84,0.4195606936416185,1999-01-01
Switzerland,2000,0.839,0.4195606936416185,1999-12-31
Switzerland,2000,0.839,0.4195606936416185,2000-01-01
Ukraine,1990,0.233,NA,1989-12-31
Ukraine,1990,0.233,NA,1990-01-01
Ukraine,1991,0.279,NA,1990-12-31
Ukraine,1991,0.279,NA,1991-01-01
Ukraine,1992,0.335,NA,1991-12-31
Ukraine,1992,0.335,NA,1992-01-01
Ukraine,1993,0.366,NA,1992-12-31
Ukraine,1993,0.366,NA,1993-01-01
Ukraine,1994,0.362,NA,1993-12-31
Ukraine,1994,0.362,NA,1994-01-01
Ukraine,1995,0.342,NA,1994-12-31
Ukraine,1995,0.342,NA,1995-01-01
Ukraine,1996,0.331,NA,1995-12-31
Ukraine,1996,0.331,NA,1996-01-01
Ukraine,1997,0.305,NA,1996-12-31
Ukraine,1997,0.305,NA,1997-01-01
Ukraine,1998,0.269,0.081,1997-12-31
Ukraine,1998,0.269,0.081,1998-01-01
Ukraine,1999,0.26,0.081,1998-12-31
Ukraine,1999,0.26,0.081,1999-01-01
Ukraine,2000,0.237,0.081,1999-12-31
Ukraine,2000,0.237,0.081,2000-01-01
United Kingdom,1990,0.752,NA,1989-12-31
United Kingdom,1990,0.752,NA,1990-01-01
United Kingdom,1991,0.752,NA,1990-12-31
United Kingdom,1991,0.752,NA,1991-01-01
United Kingdom,1992,0.753,0.18,1991-12-31
United Kingdom,1992,0.753,0.18,1992-01-01
United Kingdom,1993,0.758,0.18,1992-12-31
United Kingdom,1993,0.758,0.18,1993-01-01
United Kingdom,1994,0.761,0.18,1993-12-31
United Kingdom,1994,0.761,0.18,1994-01-01
United Kingdom,1995,0.761,0.18,1994-12-31
United Kingdom,1995,0.761,0.18,1995-01-01
United Kingdom,1996,0.761,0.18,1995-12-31
United Kingdom,1996,0.761,0.18,1996-01-01
United Kingdom,1997,0.754,0.387,1996-12-31
United Kingdom,1997,0.754,0.387,1997-01-01
United Kingdom,1998,0.76,0.387,1997-12-31
United Kingdom,1998,0.76,0.387,1998-01-01
United Kingdom,1999,0.783,0.387,1998-12-31
United Kingdom,1999,0.783,0.387,1999-01-01
United Kingdom,2000,0.797,0.387,1999-12-31
United Kingdom,2000,0.797,0.387,2000-01-01
Uruguay,1990,0.763,NA,1989-12-31
Uruguay,1990,0.763,NA,1990-01-01
Uruguay,1991,0.764,NA,1990-12-31
Uruguay,1991,0.764,NA,1991-01-01
Uruguay,1992,0.764,NA,1991-12-31
Uruguay,1992,0.764,NA,1992-01-01
Uruguay,1993,0.764,NA,1992-12-31
Uruguay,1993,0.764,NA,1993-01-01
Uruguay,1994,0.762,0.09575471698113208,1993-12-31
Uruguay,1994,0.762,0.09575471698113208,1994-01-01
Uruguay,1995,0.792,0.09575471698113208,1994-12-31
Uruguay,1995,0.792,0.09575471698113208,1995-01-01
Uruguay,1996,0.795,0.09575471698113208,1995-12-31
Uruguay,1996,0.795,0.09575471698113208,1996-01-01
Uruguay,1997,0.791,0.09575471698113208,1996-12-31
Uruguay,1997,0.791,0.09575471698113208,1997-01-01
Uruguay,1998,0.805,0.09575471698113208,1997-12-31
Uruguay,1998,0.805,0.09575471698113208,1998-01-01
Uruguay,1999,0.805,0.12979999999999997,1998-12-31
Uruguay,1999,0.805,0.12979999999999997,1999-01-01
Uruguay,2000,0.801,0.12979999999999997,1999-12-31
Uruguay,2000,0.801,0.12979999999999997,2000-01-01
Venezuela,1990,0.606,NA,1989-12-31
Venezuela,1990,0.606,NA,1990-01-01
Venezuela,1991,0.626,NA,1990-12-31
Venezuela,1991,0.626,NA,1991-01-01
Venezuela,1992,0.623,NA,1991-12-31
Venezuela,1992,0.623,NA,1992-01-01
Venezuela,1993,0.623,0.6208780487804878,1992-12-31
Venezuela,1993,0.623,0.6208780487804878,1993-01-01
Venezuela,1994,0.607,0.6208780487804878,1993-12-31
Venezuela,1994,0.607,0.6208780487804878,1994-01-01
Venezuela,1995,0.611,0.6208780487804878,1994-12-31
Venezuela,1995,0.611,0.6208780487804878,1995-01-01
Venezuela,1996,0.611,0.6208780487804878,1995-12-31
Venezuela,1996,0.611,0.6208780487804878,1996-01-01
Venezuela,1997,0.609,0.6208780487804878,1996-12-31
Venezuela,1997,0.609,0.6208780487804878,1997-01-01
Venezuela,1998,0.587,0.9085263157894736,1997-12-31
Venezuela,1998,0.587,0.9085263157894736,1998-01-01
Venezuela,1999,0.452,0.9085263157894736,1998-12-31
Venezuela,1999,0.452,0.9085263157894736,1999-01-01
Venezuela,2000,0.312,0.9836969696969696,1999-12-31
Venezuela,2000,0.312,0.9836969696969696,2000-01-01
